Metric,Traditional,AI-based
IDS Detection Rate(%),48.63153438878156,94.33083365897744
Firewall Block Rate(%),41.26869385747676,91.218745225713
QPS,165.14676509795316,900.4095763037625
MTTR(sec),2.9067403977081563,0.661793742580457
